Domain,Status,Attractiveness,Demand,Length,Sectors,Created,Expires,Registrar
one.rodeo,available,132,44%,3,"Business,General,Media,Technology",,,
brief.rodeo,available,124,19%,5,"Business,Education,General,Law",,,
complete.rodeo,available,120,21%,8,"Manufacturing,Retail,Technology",,,
equal.rodeo,available,116,19%,5,"Education,General,Law",,,
tenth.rodeo,available,116,7%,5,Mathematics,,,
flat.rodeo,available,116,24%,4,"Construction,Real Estate",,,
tonic.rodeo,available,114,22%,5,"Health and Fitness,Medicine,Science",,,
above.rodeo,available,112,22%,5,Business,,,
acute.rodeo,available,112,9%,5,"Mathematics,Medicine,Science",,,
zero.rodeo,available,112,49%,4,Mathematics,,,
hotshot.rodeo,available,112,14%,7,"Business,Entertainment,Sports",,,
abiding.rodeo,available,106,5%,7,"General,Religion",,,
teen.rodeo,available,104,14%,4,"Education,Entertainment,Healthcare",,,
active.rodeo,available,104,27%,6,"Health and Fitness,Sports,Travel",,,
expert.rodeo,available,104,26%,6,"Business,Education,Technology",,,
extra.rodeo,available,102,26%,5,"Fashion,Retail,Technology",,,
captive.rodeo,available,102,14%,7,"Entertainment,Hospitality,Technology",,,
eight.rodeo,available,102,23%,5,"General,Mathematics",,,
absent.rodeo,available,102,8%,6,"Business,Education,Technology",,,
eighth.rodeo,available,100,6%,6,Mathematics,,,
abrupt.rodeo,available,100,3%,6,"Medicine,Science",,,
remove.rodeo,available,100,13%,6,"Construction,Manufacturing,Technology",,,
ninth.rodeo,available,100,9%,5,Mathematics,,,
whiz.rodeo,available,100,12%,4,"Business,Education,Technology",,,
adjunct.rodeo,available,100,5%,7,Education,,,
crack.rodeo,available,100,20%,5,Sports,,,
sixth.rodeo,available,100,8%,5,Mathematics,,,
genius.rodeo,available,98,46%,6,"Arts,Education,Technology",,,
whizz.rodeo,available,98,11%,5,"Business,Education,Technology",,,
alamode.rodeo,available,96,12%,9,Fashion,,,
academic.rodeo,available,96,20%,8,"Education,Humanities,Science",,,
actual.rodeo,available,96,22%,6,"Real Estate,Retail,Technology",,,
doable.rodeo,available,96,9%,6,"Business,Education,Technology",,,
forgiving.rodeo,available,96,3%,9,"Healthcare,Religion",,,
about.rodeo,available,94,28%,5,"Business,General,Media,Technology",,,
adequate.rodeo,available,94,9%,8,"Education,Healthcare,Technology",,,
around.rodeo,available,94,22%,6,"Business,General,Media,Technology",,,
abject.rodeo,available,94,7%,6,Humanities,,,
virtuoso.rodeo,available,94,16%,8,"Arts,Entertainment",,,
abroad.rodeo,available,92,12%,6,"Hospitality,Travel",,,
exemplary.rodeo,available,92,5%,9,"Business,Education,Healthcare",,,
twentieth.rodeo,available,92,3%,9,Mathematics,,,
nought.rodeo,available,92,4%,6,Mathematics,,,
derelict.rodeo,available,92,7%,8,"Construction,Real Estate",,,
neutral.rodeo,available,92,20%,7,"Business,Media,Politics",,,
adjective.rodeo,available,92,5%,9,Education,,,
next.rodeo,available,92,43%,4,"Retail,Technology,Transportation",,,
adept.rodeo,available,92,24%,5,"Education,Health and Fitness,Sports",,,
abortive.rodeo,available,90,1%,8,"Medicine,Science",,,
additional.rodeo,available,90,8%,10,"Fashion,Retail,Technology",,,
leash.rodeo,available,90,7%,5,"General,Health and Fitness,Retail",,,
clear.rodeo,available,90,47%,5,"Manufacturing,Retail,Technology",,,
gripping.rodeo,available,90,3%,8,"Entertainment,Media,Technology",,,
riveting.rodeo,available,90,6%,8,"Entertainment,Media,Technology",,,
adoring.rodeo,available,90,2%,7,"Entertainment,Fashion,Retail",,,
endearing.rodeo,available,90,1%,9,"Entertainment,Fashion,Retail",,,
addictive.rodeo,available,90,9%,9,Healthcare,,,
hundred.rodeo,available,88,14%,7,Mathematics,,,
actionable.rodeo,available,88,13%,10,"Business,Law",,,
twelve.rodeo,available,88,18%,6,"General,Mathematics",,,
wide.rodeo,available,88,18%,4,"Business,Media,Technology",,,
fifteen.rodeo,available,88,13%,7,Mathematics,,,
adlib.rodeo,available,88,7%,6,Entertainment,,,
proficient.rodeo,available,88,8%,10,"Education,Health and Fitness,Sports",,,
ace.rodeo,available,88,34%,3,Sports,,,
sixteen.rodeo,available,88,11%,7,Mathematics,,,
three.rodeo,available,88,24%,5,Mathematics,,,
ten.rodeo,available,88,28%,3,"General,Mathematics",,,
activist.rodeo,available,88,12%,8,"Humanities,Politics",,,
eleven.rodeo,available,88,33%,6,Mathematics,,,
xix.rodeo,available,86,11%,3,Mathematics,,,
cipher.rodeo,available,86,29%,6,Mathematics,,,
extempore.rodeo,available,86,3%,9,Entertainment,,,
adolescent.rodeo,available,86,3%,10,"Education,Entertainment,Healthcare",,,
aboriginal.rodeo,available,86,10%,10,Humanities,,,
xiv.rodeo,available,86,12%,3,Mathematics,,,
engrossing.rodeo,available,86,0%,10,"Entertainment,Media,Technology",,,
star.rodeo,available,86,40%,4,"Entertainment,Media,Sports",,,
recondite.rodeo,available,86,4%,9,"Arts,Humanities,Science",,,
attendant.rodeo,available,86,5%,9,"Healthcare,Hospitality,Transportation",,,
intent.rodeo,available,86,25%,6,"Business,Education,Technology",,,
twentytwo.rodeo,available,84,11%,10,Mathematics,,,
thirteen.rodeo,available,84,10%,8,Mathematics,,,
grand.rodeo,available,84,25%,5,"Finance,General",,,
accessory.rodeo,available,84,8%,9,"Fashion,Retail,Technology",,,
seventeen.rodeo,available,84,7%,9,Mathematics,,,
fourteen.rodeo,available,84,8%,8,Mathematics,,,
sharp.rodeo,available,84,34%,5,"Arts,Fashion",,,
twentyone.rodeo,available,84,13%,10,Mathematics,,,
nineteen.rodeo,available,84,8%,8,Mathematics,,,
thousand.rodeo,available,84,8%,8,Mathematics,,,
adjustable.rodeo,available,84,3%,10,"Manufacturing,Retail,Technology",,,
acting.rodeo,available,84,12%,6,Entertainment,,,
deviate.rodeo,available,84,12%,7,"Medicine,Science",,,
absorbent.rodeo,available,82,3%,9,"Healthcare,Manufacturing,Retail",,,
good.rodeo,available,82,47%,4,"Food and Beverage,General,Health and Fitness,Retail",,,
abdominal.rodeo,available,82,1%,9,"Health and Fitness,Medicine",,,
altered.rodeo,available,82,9%,7,"Medicine,Science",,,
abkhaz.rodeo,available,82,1%,6,Geography,,,
abroach.rodeo,available,82,1%,7,Food and Beverage,,,
impromptu.rodeo,available,82,16%,9,Entertainment,,,
fivesome.rodeo,available,82,1%,8,Sports,,,
enduring.rodeo,available,82,9%,8,"Health and Fitness,Religion",,,
cleansing.rodeo,available,82,3%,9,Health and Fitness,,,
abenaki.rodeo,available,82,2%,7,Geography,,,
decade.rodeo,available,82,10%,6,Mathematics,,,
dozen.rodeo,available,82,10%,5,Mathematics,,,
some.rodeo,available,80,32%,4,"Business,Media,Retail",,,
able.rodeo,available,80,29%,4,"Business,Education,General,Technology",,,
abundant.rodeo,available,80,19%,8,"Agriculture,Manufacturing,Retail",,,
wiz.rodeo,available,80,30%,3,"Business,Education,Technology",,,
yard.rodeo,available,80,26%,4,"Construction,General",,,
capable.rodeo,available,80,12%,7,"Business,Education,Technology",,,
adoptable.rodeo,available,80,3%,9,"Education,Healthcare",,,
trio.rodeo,available,80,21%,4,Entertainment,,,
superstar.rodeo,available,80,18%,9,Entertainment,,,
nine.rodeo,available,80,24%,4,"General,Mathematics",,,
worshipful.rodeo,available,80,1%,10,"Education,Healthcare,Religion",,,
seventh.rodeo,available,80,10%,7,Mathematics,,,
sequent.rodeo,available,80,7%,7,"Healthcare,Insurance,Transportation",,,
twenty.rodeo,available,80,12%,6,Mathematics,,,
absurd.rodeo,available,80,16%,6,"Arts,Entertainment,Media",,,
two.rodeo,available,80,24%,3,Mathematics,,,
absolute.rodeo,available,80,25%,8,"Engineering,Mathematics,Science",,,
absorbable.rodeo,available,80,0%,10,"Healthcare,Pharmaceuticals,Science",,,
forty.rodeo,available,80,9%,5,Mathematics,,,
dorsal.rodeo,available,80,6%,6,"Medicine,Science",,,
honestly.rodeo,available,78,9%,8,"Business,Law",,,
abounding.rodeo,available,78,2%,9,Agriculture,,,
accessible.rodeo,available,78,21%,10,"Healthcare,Retail,Technology",,,
abkhazian.rodeo,available,78,1%,9,Geography,,,
recognised.rodeo,available,78,3%,10,"Business,Education,Technology",,,
accepted.rodeo,available,78,6%,8,"Business,Education,Technology",,,
acceptable.rodeo,available,78,5%,10,"Business,Hospitality,Retail",,,
abkhasian.rodeo,available,78,1%,9,Geography,,,
recognized.rodeo,available,78,3%,10,"Business,Education,Technology",,,
adorable.rodeo,available,78,8%,8,"Entertainment,Fashion,Retail",,,
athletic.rodeo,available,78,15%,8,"Health and Fitness,Sports",,,
adjacent.rodeo,available,78,9%,8,"Construction,Real Estate,Retail",,,
twentysix.rodeo,available,78,8%,10,Mathematics,,,
accidental.rodeo,available,78,11%,10,"Healthcare,Insurance,Transportation",,,
acceptant.rodeo,available,78,1%,9,"Education,Healthcare",,,
dormant.rodeo,available,78,4%,7,"Medicine,Science",,,
absorptive.rodeo,available,78,1%,10,"Healthcare,Manufacturing,Retail",,,
low.rodeo,available,78,20%,3,"Business,Finance",,,
accurate.rodeo,available,78,16%,8,"Engineering,Mathematics,Science",,,
sixtynine.rodeo,available,78,8%,10,Mathematics,,,
adrenal.rodeo,available,78,4%,7,"Education,Healthcare,Science",,,
ancillary.rodeo,available,76,6%,9,"Healthcare,Manufacturing,Technology",,,
adaptive.rodeo,available,76,28%,8,"Business,Education,Technology",,,
abrasive.rodeo,available,76,6%,8,"Construction,Manufacturing",,,
adipose.rodeo,available,76,2%,7,"Healthcare,Science",,,
obscene.rodeo,available,76,5%,7,"Entertainment,Media",,,
hundredth.rodeo,available,76,1%,9,Mathematics,,,
auxiliary.rodeo,available,76,7%,9,"Healthcare,Manufacturing,Technology",,,
nineteenth.rodeo,available,76,3%,10,Mathematics,,,
adaptable.rodeo,available,76,9%,9,"Business,Education,Technology",,,
thirteenth.rodeo,available,76,4%,10,Mathematics,,,
fifteenth.rodeo,available,76,2%,9,Mathematics,,,
eighteen.rodeo,available,76,7%,8,Mathematics,,,
resultant.rodeo,available,76,2%,9,"Healthcare,Insurance,Transportation",,,
adhesive.rodeo,available,76,7%,8,"Construction,Manufacturing,Technology",,,
fourteenth.rodeo,available,76,1%,10,Mathematics,,,
improvise.rodeo,available,76,4%,9,Entertainment,,,
firstrate.rodeo,available,76,6%,10,Business,,,
threed.rodeo,available,76,7%,7,Technology,,,
adherent.rodeo,available,76,4%,8,"Politics,Religion",,,
diamond.rodeo,available,76,32%,7,Fashion,,,
thousandth.rodeo,available,76,1%,10,Mathematics,,,
ventral.rodeo,available,76,3%,7,Science,,,
energizing.rodeo,available,76,3%,10,"Food and Beverage,Health and Fitness,Travel",,,
incidental.rodeo,available,76,4%,10,"Healthcare,Insurance,Transportation",,,
acoustic.rodeo,available,76,14%,8,Science,,,
ague.rodeo,available,76,2%,4,"Geography,Medicine,Science",,,
addable.rodeo,available,76,2%,7,"Engineering,Mathematics,Science",,,
abnormal.rodeo,available,74,16%,8,"Medicine,Science",,,
playing.rodeo,available,74,12%,7,Entertainment,,,
realizable.rodeo,available,74,1%,10,"Business,Education,Technology",,,
cleared.rodeo,available,74,7%,7,"Healthcare,Law,Transportation",,,
mavin.rodeo,available,74,7%,5,"Entertainment,Fashion,Technology",,,
sensation.rodeo,available,74,7%,9,"Entertainment,Media,Sports",,,
broad.rodeo,available,74,13%,5,"Entertainment,General,Media",,,
adapted.rodeo,available,74,6%,7,"Healthcare,Manufacturing,Technology",,,
adrenergic.rodeo,available,74,1%,10,"Education,Healthcare,Science",,,
adamant.rodeo,available,74,14%,7,Religion,,,
skilful.rodeo,available,74,3%,7,"Education,Health and Fitness,Sports",,,
single.rodeo,available,74,19%,6,Sports,,,
achievable.rodeo,available,74,4%,10,"Business,Education,Technology",,,
manageable.rodeo,available,74,4%,10,"Business,Education,Technology",,,
activated.rodeo,available,74,9%,9,"Healthcare,Manufacturing,Technology",,,
acuate.rodeo,available,74,2%,6,"Engineering,Medicine,Science",,,
supra.rodeo,available,74,25%,5,"Medicine,Science",,,
accepting.rodeo,available,74,3%,9,"Education,Healthcare",,,
aberrant.rodeo,available,74,6%,8,"Medicine,Science",,,
admirable.rodeo,available,74,5%,9,"Business,Education,Healthcare",,,
adenoid.rodeo,available,74,1%,7,"Health and Fitness,Medicine,Science",,,
ternary.rodeo,available,72,7%,7,Mathematics,,,
sixtieth.rodeo,available,72,1%,8,Mathematics,,,
accusative.rodeo,available,72,0%,10,"Humanities,Law",,,
abreast.rodeo,available,72,2%,7,"Business,Technology",,,
trey.rodeo,available,72,14%,4,Sports,,,
addicted.rodeo,available,72,9%,8,Healthcare,,,
adiabatic.rodeo,available,72,3%,9,"Engineering,Science",,,
champion.rodeo,resell,72,28%,8,"Entertainment,Health and Fitness,Sports",23/04/2024 17:39,23/04/2026 17:39,Dynadot Inc
abloom.rodeo,available,72,5%,6,Agriculture,,,
adjunctive.rodeo,available,72,1%,10,"Healthcare,Manufacturing,Technology",,,
lovely.rodeo,available,72,26%,6,"Entertainment,Fashion,Retail",,,
absolutist.rodeo,available,72,1%,10,"Humanities,Law,Politics",,,
adjectival.rodeo,available,72,1%,10,Education,,,
deep.rodeo,available,72,41%,4,"Engineering,Mathematics,Science",,,
improvize.rodeo,available,72,1%,9,Entertainment,,,
seventieth.rodeo,available,72,1%,10,Mathematics,,,
adonic.rodeo,available,72,2%,6,"Arts,Education,Entertainment",,,
absorbed.rodeo,available,72,2%,8,"Entertainment,Media,Technology",,,
eightieth.rodeo,available,72,1%,9,Mathematics,,,
adaptative.rodeo,available,72,1%,10,"Business,Education,Technology",,,
ninetieth.rodeo,available,72,1%,9,Mathematics,,,
existent.rodeo,available,72,3%,8,"Mathematics,Science",,,
trinity.rodeo,available,72,18%,7,Religion,,,
liv.rodeo,available,72,27%,3,Mathematics,,,
accustomed.rodeo,available,72,1%,10,"Business,Education,Humanities",,,
engrossed.rodeo,available,72,1%,9,"Entertainment,Media,Technology",,,
ablaze.rodeo,available,72,6%,6,Entertainment,,,
aching.rodeo,available,72,4%,6,Healthcare,,,
absorbing.rodeo,available,70,3%,9,"Entertainment,Media,Technology",,,
stillborn.rodeo,available,70,2%,9,"Medicine,Science",,,
adamantine.rodeo,available,70,4%,10,Religion,,,
miserable.rodeo,available,70,4%,9,Humanities,,,
accumbent.rodeo,available,70,1%,9,"Healthcare,Medicine,Science",,,
tiptop.rodeo,available,70,24%,6,Fashion,,,
consequent.rodeo,available,70,3%,10,"Business,Education,General,Technology",,,
abulic.rodeo,available,70,1%,6,Medicine,,,
adored.rodeo,available,70,6%,6,"Entertainment,Fashion,Retail",,,
practiced.rodeo,available,70,3%,9,"Education,Health and Fitness,Sports",,,
skillful.rodeo,available,70,9%,8,"Education,Health and Fitness,Sports",,,
abradant.rodeo,available,70,1%,8,"Construction,Manufacturing",,,
unity.rodeo,available,70,40%,5,Mathematics,,,
gymnastic.rodeo,available,70,3%,9,"Entertainment,Sports",,,
acuminate.rodeo,available,70,1%,9,"Engineering,Medicine,Science",,,
offhand.rodeo,available,70,2%,7,Entertainment,,,
recumbent.rodeo,available,70,2%,9,"Healthcare,Medicine,Science",,,
admired.rodeo,available,70,5%,7,"Business,Education,Healthcare",,,
adjusted.rodeo,available,70,5%,8,"Manufacturing,Retail,Technology",,,
lowdown.rodeo,available,70,6%,8,"Entertainment,Media",,,
activating.rodeo,available,68,3%,10,"Healthcare,Manufacturing,Technology",,,
scurvy.rodeo,available,68,3%,6,Humanities,,,
threesome.rodeo,available,68,5%,9,Entertainment,,,
abkhas.rodeo,available,68,0%,6,Geography,,,
acerate.rodeo,available,68,1%,7,Science,,,
ennead.rodeo,available,68,5%,6,Mathematics,,,
ablative.rodeo,available,68,3%,8,Science,,,
accredited.rodeo,available,68,9%,10,"Business,Education,Healthcare",,,
thirtieth.rodeo,available,68,1%,9,Mathematics,,,
decorated.rodeo,available,68,3%,9,"Entertainment,Fashion,Retail",,,
aculeate.rodeo,available,68,1%,8,"Engineering,Medicine,Science",,,
disciple.rodeo,available,68,14%,8,"Education,Religion",,,
foursome.rodeo,available,68,4%,8,Sports,,,
overseas.rodeo,available,68,12%,8,"Hospitality,Travel",,,
octonary.rodeo,available,68,1%,8,Mathematics,,,
sevener.rodeo,available,68,1%,7,Mathematics,,,
septenary.rodeo,available,68,1%,9,Mathematics,,,
aberdonian.rodeo,available,68,1%,10,Geography,,,
achaian.rodeo,available,68,2%,7,Humanities,,,
fortieth.rodeo,available,68,0%,8,Mathematics,,,
licenced.rodeo,available,68,2%,8,"Business,Healthcare,Insurance",,,
ane.rodeo,available,68,12%,3,Mathematics,,,
abducent.rodeo,available,68,0%,8,Medicine,,,
licensed.rodeo,available,68,5%,8,"Business,Healthcare,Insurance",,,
aroused.rodeo,available,68,3%,7,"Entertainment,Health and Fitness",,,
achaean.rodeo,available,68,2%,7,Humanities,,,
fiftieth.rodeo,available,68,0%,8,Mathematics,,,
stygian.rodeo,available,68,5%,7,Humanities,,,
vindicated.rodeo,available,68,2%,10,"Humanities,Law,Politics",,,
abnaki.rodeo,available,68,1%,6,Geography,,,
xii.rodeo,available,66,10%,3,Mathematics,,,
xiii.rodeo,available,66,9%,4,Mathematics,,,
eighty.rodeo,available,66,6%,6,Mathematics,,,
four.rodeo,available,66,27%,4,Mathematics,,,
xxvi.rodeo,available,66,3%,4,Mathematics,,,
acappella.rodeo,available,66,6%,10,Entertainment,,,
deuce.rodeo,available,66,9%,5,Sports,,,
six.rodeo,available,66,26%,3,Mathematics,,,
acervate.rodeo,available,66,1%,8,Science,,,
five.rodeo,available,66,26%,4,Mathematics,,,
fifty.rodeo,available,66,12%,5,Mathematics,,,
according.rodeo,available,66,3%,9,"Business,Education,Technology",,,
clv.rodeo,available,66,10%,3,Mathematics,,,
acrobatic.rodeo,available,66,4%,9,"Entertainment,Sports",,,
ninety.rodeo,available,66,11%,6,Mathematics,,,
exonerated.rodeo,available,66,2%,10,"Humanities,Law,Politics",,,
xvii.rodeo,available,66,5%,4,Mathematics,,,
buzzing.rodeo,available,66,7%,7,"Entertainment,Media,Technology",,,
onec.rodeo,available,66,6%,5,Mathematics,,,
abstinent.rodeo,available,66,1%,9,"Health and Fitness,Religion",,,
maven.rodeo,available,66,30%,5,"Entertainment,Fashion,Technology",,,
accessary.rodeo,available,66,1%,9,"Business,Law,Technology",,,
tenner.rodeo,available,66,5%,6,Finance,,,
adorned.rodeo,available,66,5%,7,"Entertainment,Fashion,Retail",,,
xxi.rodeo,available,66,10%,3,Mathematics,,,
sextet.rodeo,available,66,1%,6,Entertainment,,,
performing.rodeo,available,66,6%,10,Entertainment,,,
century.rodeo,available,66,17%,7,Education,,,
teenager.rodeo,available,66,4%,8,"Education,Entertainment,Healthcare",,,
adopted.rodeo,available,66,4%,7,"Education,Healthcare",,,
thirty.rodeo,available,66,8%,6,Mathematics,,,
xviii.rodeo,available,66,5%,5,Mathematics,,,
xvi.rodeo,available,66,5%,3,Mathematics,,,
xxv.rodeo,available,66,6%,3,Mathematics,,,
modish.rodeo,available,66,5%,6,Fashion,,,
latest.rodeo,available,66,18%,6,Technology,,,
xxii.rodeo,available,66,6%,4,Mathematics,,,
ccc.rodeo,available,64,38%,3,Mathematics,,,
scatty.rodeo,available,64,1%,6,"Arts,Entertainment,Media",,,
adagio.rodeo,available,64,14%,6,Entertainment,,,
rising.rodeo,available,64,18%,6,"Construction,Manufacturing,Real Estate",,,
acentric.rodeo,available,64,2%,8,Science,,,
absolved.rodeo,available,64,1%,8,"Humanities,Law,Religion",,,
aflame.rodeo,available,64,3%,6,Entertainment,,,
astringent.rodeo,available,64,1%,10,"Healthcare,Pharmaceuticals",,,
nondrinker.rodeo,available,64,1%,10,"Health and Fitness,Religion",,,
deviant.rodeo,available,64,12%,7,"Medicine,Science",,,
accordant.rodeo,available,64,3%,9,"Arts,Entertainment",,,
admissible.rodeo,available,62,1%,10,"Education,Healthcare,Law",,,
sixteenth.rodeo,available,62,1%,9,Mathematics,,,
eighteenth.rodeo,available,62,1%,10,Mathematics,,,
wrapped.rodeo,available,62,13%,7,"Fashion,Hospitality,Retail",,,
nail.rodeo,available,62,16%,4,"Construction,Fashion,General,Retail",,,
activistic.rodeo,available,62,1%,10,"Humanities,Politics",,,
accusing.rodeo,available,62,1%,8,Law,,,
aufait.rodeo,available,62,3%,7,"Fashion,Media",,,
fortyfour.rodeo,available,62,6%,10,Mathematics,,,
troika.rodeo,available,62,8%,6,Politics,,,
activation.rodeo,available,62,16%,10,"Healthcare,Manufacturing,Technology",,,
orso.rodeo,available,62,9%,5,"Business,Media,Technology",,,
abo.rodeo,available,62,15%,3,Science,,,
twodozen.rodeo,available,62,1%,9,Mathematics,,,
roughly.rodeo,available,62,3%,7,"Business,Media,Technology",,,
acidic.rodeo,available,62,5%,6,"Food and Beverage,Science",,,
adjuvant.rodeo,available,62,5%,8,"Healthcare,Manufacturing,Technology",,,
playacting.rodeo,available,62,1%,10,Entertainment,,,
aborigine.rodeo,available,62,1%,9,Humanities,,,
exculpated.rodeo,available,62,1%,10,"Humanities,Law,Politics",,,
longdozen.rodeo,available,62,2%,10,Mathematics,,,
ensuant.rodeo,available,62,1%,7,"Healthcare,Insurance,Transportation",,,
cumulative.rodeo,available,62,2%,10,"Banking,Finance,Insurance",,,
chiliad.rodeo,available,62,2%,7,Mathematics,,,
pungent.rodeo,available,62,1%,7,Food and Beverage,,,
eleventh.rodeo,available,62,5%,8,Mathematics,,,
quartet.rodeo,available,62,7%,7,"Arts,Entertainment",,,
adoptive.rodeo,available,62,1%,8,"Education,Healthcare",,,
accrued.rodeo,available,62,2%,7,"Banking,Finance,Insurance",,,
clxv.rodeo,available,60,1%,4,Mathematics,,,
cxl.rodeo,available,60,7%,3,Mathematics,,,
cxxx.rodeo,available,60,4%,4,Mathematics,,,
idolised.rodeo,available,60,1%,8,"Entertainment,Fashion,Retail",,,
paunchy.rodeo,available,60,0%,7,"Health and Fitness,Medicine",,,
thou.rodeo,available,60,7%,4,Mathematics,,,
cxxxv.rodeo,available,60,2%,5,Mathematics,,,
cxx.rodeo,available,60,10%,3,Mathematics,,,
adnate.rodeo,available,60,1%,6,"Agriculture,Manufacturing,Retail",,,
sixty.rodeo,available,60,13%,5,Mathematics,,,
idolized.rodeo,available,60,3%,8,"Entertainment,Fashion,Retail",,,
octet.rodeo,available,60,12%,5,Arts,,,
tertiary.rodeo,available,60,4%,8,Education,,,
cautionary.rodeo,available,60,1%,10,"Business,Education,Healthcare",,,
xcl.rodeo,available,60,5%,3,Mathematics,,,
cxlv.rodeo,available,60,2%,4,Mathematics,,,
abstemious.rodeo,available,60,0%,10,"Food and Beverage,Health and Fitness,Hospitality",,,
cxxv.rodeo,available,60,1%,4,Mathematics,,,
clxx.rodeo,available,60,3%,4,Mathematics,,,
adnexal.rodeo,available,60,1%,7,"Agriculture,Manufacturing,Retail",,,
cxv.rodeo,available,60,4%,3,Mathematics,,,
abashed.rodeo,available,60,1%,7,Humanities,,,
eightysix.rodeo,available,60,7%,10,Mathematics,,,
annexal.rodeo,available,60,1%,7,"Agriculture,Manufacturing,Retail",,,
acceptive.rodeo,available,60,1%,9,"Education,Healthcare",,,
clxxv.rodeo,available,60,1%,5,Mathematics,,,
abstainer.rodeo,available,60,0%,9,"Health and Fitness,Religion",,,
aboveboard.rodeo,available,60,5%,10,"Business,Law",,,
clx.rodeo,available,60,10%,3,Mathematics,,,
clxxx.rodeo,available,60,1%,5,Mathematics,,,
tercet.rodeo,available,59,2%,6,"Arts,Entertainment,Media",,,
acyclic.rodeo,available,58,4%,7,"Engineering,Mathematics,Science",,,
accretive.rodeo,available,58,6%,9,"Banking,Finance,Insurance",,,
niner.rodeo,available,58,5%,5,Mathematics,,,
accented.rodeo,available,58,3%,8,"Arts,Entertainment",,,
tetrad.rodeo,available,58,5%,6,Mathematics,,,
abridged.rodeo,available,58,4%,8,Media,,,
hexad.rodeo,available,58,4%,5,Mathematics,,,
fourscore.rodeo,available,58,4%,9,Mathematics,,,
closeto.rodeo,available,58,3%,8,"Business,Media,Technology",,,
abused.rodeo,available,58,5%,6,"Healthcare,Law",,,
offhanded.rodeo,available,58,1%,9,Entertainment,,,
seven.rodeo,available,58,36%,5,Mathematics,,,
linear.rodeo,available,58,22%,6,"Engineering,Mathematics,Science",,,
sextuplet.rodeo,available,58,1%,9,Healthcare,,,
centesimal.rodeo,available,58,1%,10,Mathematics,,,
accoutred.rodeo,available,58,1%,9,"Fashion,Manufacturing,Retail",,,
actuarial.rodeo,available,58,8%,9,"Finance,Insurance,Mathematics",,,
justabout.rodeo,available,58,3%,10,"Business,Media,Technology",,,
lxxviii.rodeo,available,58,1%,7,Mathematics,,,
eighter.rodeo,available,58,2%,7,Mathematics,,,
enwrapped.rodeo,available,58,0%,9,"Entertainment,Fashion,Media",,,
addressed.rodeo,available,58,3%,9,"Business,Technology,Telecommunications",,,
acetic.rodeo,available,58,1%,6,"Food and Beverage,Science",,,
sixer.rodeo,available,58,5%,5,Sports,,,
abuzz.rodeo,available,58,5%,5,"Entertainment,Media,Technology",,,
aucourant.rodeo,available,58,3%,10,"Fashion,Media",,,
super.rodeo,available,58,47%,5,Business,,,
pentad.rodeo,available,58,2%,6,Mathematics,,,
heptad.rodeo,available,58,1%,6,Mathematics,,,
octad.rodeo,available,58,5%,5,Mathematics,,,
abandoned.rodeo,available,58,10%,9,"Construction,Real Estate",,,
cypher.rodeo,available,58,29%,6,Mathematics,,,
addible.rodeo,available,58,2%,7,"Engineering,Mathematics,Science",,,
lxxx.rodeo,available,58,2%,4,Mathematics,,,
adient.rodeo,available,58,4%,6,"Medicine,Science",,,
ache.rodeo,available,58,7%,4,Healthcare,,,
twelfth.rodeo,available,58,2%,7,Mathematics,,,
adhoc.rodeo,available,58,24%,6,"Business,Engineering,Technology",,,
adjustive.rodeo,available,58,1%,9,"Manufacturing,Retail,Technology",,,
alacarte.rodeo,available,58,11%,10,Food and Beverage,,,
seventy.rodeo,available,58,7%,7,Mathematics,,,
sixtyone.rodeo,available,58,3%,9,Mathematics,,,
quintet.rodeo,available,58,8%,7,"Arts,Entertainment",,,
ilx.rodeo,available,56,5%,3,Mathematics,,,
lvii.rodeo,available,56,1%,4,Mathematics,,,
fiftytwo.rodeo,available,56,6%,9,Mathematics,,,
xxxi.rodeo,available,56,9%,4,Mathematics,,,
aone.rodeo,available,56,15%,5,Food and Beverage,,,
xxviii.rodeo,available,56,1%,6,Mathematics,,,
xlii.rodeo,available,56,5%,4,Mathematics,,,
xlvii.rodeo,available,56,2%,5,Mathematics,,,
admittible.rodeo,available,56,1%,10,"Education,Healthcare,Hospitality",,,
xxix.rodeo,available,56,4%,4,Mathematics,,,
xxxiv.rodeo,available,56,1%,5,Mathematics,,,
terzetto.rodeo,available,56,3%,8,Arts,,,
appressed.rodeo,available,56,0%,9,"Agriculture,Manufacturing,Retail",,,
thirtytwo.rodeo,available,56,5%,10,Mathematics,,,
accoutered.rodeo,available,56,0%,10,"Fashion,Manufacturing,Retail",,,
xxvii.rodeo,available,56,3%,5,Mathematics,,,
xxiii.rodeo,available,56,5%,5,Mathematics,,,
fiftyfour.rodeo,available,56,3%,10,Mathematics,,,
thirtyone.rodeo,available,56,5%,10,Mathematics,,,
fiftysix.rodeo,available,56,4%,9,Mathematics,,,
fortysix.rodeo,available,56,3%,9,Mathematics,,,
xlvi.rodeo,available,56,3%,4,Mathematics,,,
xxxii.rodeo,available,56,1%,5,Mathematics,,,
xlviii.rodeo,available,56,1%,6,Mathematics,,,
xxxvii.rodeo,available,56,2%,6,Mathematics,,,
fortytwo.rodeo,available,56,17%,9,Mathematics,,,
fiftyone.rodeo,available,56,7%,9,Mathematics,,,
lii.rodeo,available,56,7%,3,Mathematics,,,
admissive.rodeo,available,56,1%,9,"Education,Healthcare,Hospitality",,,
abeyant.rodeo,available,56,1%,7,"Business,Law",,,
xxxv.rodeo,available,56,4%,4,Mathematics,,,
lviii.rodeo,available,56,1%,5,Mathematics,,,
fiftynine.rodeo,available,56,4%,10,Mathematics,,,
halfdozen.rodeo,available,56,1%,10,Mathematics,,,
potbellied.rodeo,available,56,0%,10,"Health and Fitness,Medicine",,,
xliii.rodeo,available,56,1%,5,Mathematics,,,
xli.rodeo,available,56,5%,3,Mathematics,,,
xxxviii.rodeo,available,56,1%,7,Mathematics,,,
xlv.rodeo,available,56,6%,3,Mathematics,,,
thirtysix.rodeo,available,56,5%,10,Mathematics,,,
xxxiii.rodeo,available,56,2%,6,Mathematics,,,
admittable.rodeo,available,56,1%,10,"Education,Healthcare,Hospitality",,,
xxxvi.rodeo,available,56,1%,5,Mathematics,,,
fortynine.rodeo,available,56,3%,10,Mathematics,,,
xliv.rodeo,available,56,2%,4,Mathematics,,,
maledict.rodeo,available,56,1%,8,Religion,,,
addled.rodeo,available,56,2%,6,Entertainment,,,
liii.rodeo,available,56,4%,4,Mathematics,,,
fortyone.rodeo,available,56,4%,9,Mathematics,,,
fiftyfive.rodeo,available,56,7%,10,Mathematics,,,
xxiv.rodeo,available,56,5%,4,Mathematics,,,
triad.rodeo,available,56,15%,5,Arts,,,
lvi.rodeo,available,56,8%,3,Mathematics,,,
abdominous.rodeo,available,56,0%,10,"Health and Fitness,Medicine",,,
adducting.rodeo,available,54,1%,9,"Engineering,Mathematics,Science",,,
quatern.rodeo,available,54,2%,7,Mathematics,,,
threescore.rodeo,available,54,1%,10,Mathematics,,,
quaternity.rodeo,available,54,4%,10,Mathematics,,,
quadruplet.rodeo,available,54,1%,10,"Healthcare,Medicine,Science",,,
abatable.rodeo,available,54,1%,8,Law,,,
scratchy.rodeo,available,54,3%,8,Fashion,,,
sise.rodeo,available,54,5%,4,Mathematics,,,
adductive.rodeo,available,54,0%,9,"Engineering,Mathematics,Science",,,
quintuplet.rodeo,available,54,1%,10,"Healthcare,Medicine,Science",,,
ternion.rodeo,available,54,3%,7,Mathematics,,,
abient.rodeo,available,54,1%,6,Science,,,
acoustical.rodeo,available,54,4%,10,Science,,,
vii.rodeo,available,54,13%,3,Mathematics,,,
abasic.rodeo,available,54,1%,6,Science,,,
topnotch.rodeo,available,54,18%,8,Business,,,
twoscore.rodeo,available,54,2%,8,Mathematics,,,
abaxial.rodeo,available,54,1%,7,Science,,,
fortyfive.rodeo,available,54,4%,10,Mathematics,,,
adducent.rodeo,available,54,1%,8,"Engineering,Mathematics,Science",,,
quaternion.rodeo,available,54,6%,10,Mathematics,,,
adaxial.rodeo,available,54,2%,7,Science,,,
actuated.rodeo,available,54,2%,8,"Automotive,Manufacturing,Technology",,,
abducens.rodeo,available,54,1%,8,Medicine,,,
adpressed.rodeo,available,54,0%,9,"Agriculture,Manufacturing,Retail",,,
accentual.rodeo,available,54,3%,9,"Arts,Entertainment",,,
deuceace.rodeo,available,54,2%,9,Sports,,,
accursed.rodeo,available,54,3%,8,"Entertainment,Media,Religion",,,
iii.rodeo,available,54,24%,3,Mathematics,,,
aboral.rodeo,available,54,2%,6,Science,,,
fin.rodeo,available,54,30%,3,Finance,,,
abatic.rodeo,available,54,1%,6,Science,,,
monitory.rodeo,available,54,3%,8,"Business,Education,Healthcare",,,
viii.rodeo,available,54,6%,4,Mathematics,,,
deserted.rodeo,available,54,3%,8,"Hospitality,Real Estate",,,
adjuratory.rodeo,available,54,0%,10,"Law,Politics,Religion",,,
unnatural.rodeo,available,54,4%,9,"Medicine,Science",,,
admonitory.rodeo,available,54,0%,10,"Business,Education,Healthcare",,,
achy.rodeo,available,54,3%,4,Healthcare,,,
abhorrent.rodeo,available,54,1%,9,Humanities,,,
achromatic.rodeo,available,54,4%,10,Science,,,
sestet.rodeo,available,53,1%,6,Arts,,,
septet.rodeo,available,53,1%,6,General,,,
abysmal.rodeo,available,52,4%,7,"Arts,Entertainment,Media",,,
lxv.rodeo,available,52,5%,3,Mathematics,,,
xcvii.rodeo,available,52,1%,5,Mathematics,,,
eightyone.rodeo,available,52,3%,10,Mathematics,,,
xciv.rodeo,available,52,2%,4,Mathematics,,,
xcv.rodeo,available,52,7%,3,Mathematics,,,
sixtyfour.rodeo,available,52,3%,10,Mathematics,,,
lxxi.rodeo,available,52,1%,4,Mathematics,,,
abusive.rodeo,available,52,3%,7,"Healthcare,Law",,,
lxxxvii.rodeo,available,52,1%,7,Mathematics,,,
repugnant.rodeo,available,52,1%,9,Humanities,,,
lxxxvi.rodeo,available,52,1%,6,Mathematics,,,
lxxiii.rodeo,available,52,1%,6,Mathematics,,,
uphill.rodeo,available,52,7%,6,"Sports,Transportation,Travel",,,
xcii.rodeo,available,52,2%,4,Mathematics,,,
lxxiv.rodeo,available,52,1%,5,Mathematics,,,
lxvi.rodeo,available,52,3%,4,Mathematics,,,
decumbent.rodeo,available,52,1%,9,"Healthcare,Medicine,Science",,,
lxxxv.rodeo,available,52,1%,5,Mathematics,,,
xcvi.rodeo,available,52,2%,4,Mathematics,,,
xci.rodeo,available,52,4%,3,Mathematics,,,
lxiv.rodeo,available,52,3%,4,Mathematics,,,
aboulic.rodeo,available,52,1%,7,Medicine,,,
lxxv.rodeo,available,52,1%,4,Mathematics,,,
ixl.rodeo,available,52,9%,3,Mathematics,,,
abominable.rodeo,available,52,2%,10,"Entertainment,Humanities",,,
ninetytwo.rodeo,available,52,4%,10,Mathematics,,,
littlejoe.rodeo,available,52,2%,10,"Entertainment,Media",,,
detestable.rodeo,available,52,1%,10,Humanities,,,
lxi.rodeo,available,52,5%,3,Mathematics,,,
lxxxiv.rodeo,available,52,1%,6,Mathematics,,,
ablated.rodeo,available,52,1%,7,Science,,,
xcviii.rodeo,available,52,1%,6,Mathematics,,,
lxxvii.rodeo,available,52,2%,6,Mathematics,,,
lxxvi.rodeo,available,52,1%,5,Mathematics,,,
odious.rodeo,available,52,2%,6,"Entertainment,Humanities",,,
xciii.rodeo,available,52,1%,5,Mathematics,,,
lxxxiii.rodeo,available,52,1%,7,Mathematics,,,
eightytwo.rodeo,available,52,4%,10,Mathematics,,,
lxxxi.rodeo,available,52,1%,5,Mathematics,,,
lxii.rodeo,available,52,1%,4,Mathematics,,,
chagrined.rodeo,available,52,1%,9,Humanities,,,
ninetyone.rodeo,available,52,5%,10,Mathematics,,,
lxiii.rodeo,available,52,2%,5,Mathematics,,,
lxviii.rodeo,available,52,1%,6,Mathematics,,,
ixc.rodeo,available,52,5%,3,Mathematics,,,
lxvii.rodeo,available,52,1%,5,Mathematics,,,
sixtytwo.rodeo,available,52,3%,9,Mathematics,,,
sixtyfive.rodeo,available,52,3%,10,Mathematics,,,
adenoidal.rodeo,available,52,1%,9,"Health and Fitness,Medicine,Science",,,
abstruse.rodeo,available,52,5%,8,"Humanities,Mathematics,Science",,,
tierce.rodeo,available,52,3%,6,General,,,
lxxxii.rodeo,available,52,1%,6,Mathematics,,,
sixtysix.rodeo,available,52,4%,9,Mathematics,,,
lxxii.rodeo,available,52,1%,5,Mathematics,,,
repulsive.rodeo,available,52,1%,9,Humanities,,,
ninetysix.rodeo,available,52,4%,10,Mathematics,,,
acerb.rodeo,available,50,2%,5,Science,,,
triplet.rodeo,available,50,8%,7,Science,,,
acetous.rodeo,available,50,1%,7,Science,,,
gillless.rodeo,available,50,0%,9,Science,,,
abranchial.rodeo,available,50,0%,10,Science,,,
scummy.rodeo,available,50,1%,6,Humanities,,,
broached.rodeo,available,50,0%,8,Food and Beverage,,,
vinegary.rodeo,available,50,1%,8,Food and Beverage,,,
acquitted.rodeo,available,50,1%,9,Law,,,
needlelike.rodeo,available,50,0%,10,"Engineering,Medicine,Science",,,
acaudal.rodeo,available,50,1%,7,"Agriculture,Science",,,
abdicable.rodeo,available,50,0%,9,Law,,,
ogdoad.rodeo,available,50,1%,6,Mathematics,,,
acerbic.rodeo,available,50,2%,7,"Arts,Humanities,Media",,,
abomasal.rodeo,available,50,0%,8,Agriculture,,,
cinque.rodeo,available,50,7%,6,Mathematics,,,
adactylous.rodeo,available,50,0%,10,Science,,,
acellular.rodeo,available,50,1%,9,Science,,,
acerose.rodeo,available,50,1%,7,Science,,,
abbatial.rodeo,available,50,0%,8,Religion,,,
spinous.rodeo,available,50,1%,7,"Agriculture,Science",,,
adhominem.rodeo,available,50,2%,10,"Humanities,Law,Politics",,,
acetose.rodeo,available,50,1%,7,Science,,,
abactinal.rodeo,available,50,0%,9,Science,,,
acapnotic.rodeo,available,50,0%,9,"Healthcare,Medicine,Science",,,
acapnic.rodeo,available,50,0%,7,"Healthcare,Medicine,Science",,,
aculeated.rodeo,available,50,0%,9,"Engineering,Medicine,Science",,,
lxx.rodeo,available,50,5%,3,Mathematics,,,
aborticide.rodeo,available,50,0%,10,Medicine,,,
abducting.rodeo,available,50,0%,9,Medicine,,,
quint.rodeo,available,50,13%,5,"Arts,Entertainment",,,
trine.rodeo,available,50,11%,5,"General,Religion",,,
ilxx.rodeo,available,48,1%,4,Mathematics,,,
lxxxviii.rodeo,available,48,1%,8,Mathematics,,,
execrable.rodeo,available,48,0%,9,"Entertainment,Humanities",,,
ilxxx.rodeo,available,48,1%,5,Mathematics,,,
notguilty.rodeo,available,48,5%,10,Law,,,
abstracted.rodeo,available,48,5%,10,"Arts,Humanities,Science",,,
abyssal.rodeo,available,48,12%,7,"Arts,Entertainment,Media",,,
apriori.rodeo,available,48,13%,8,Mathematics,,,
achromic.rodeo,available,46,2%,8,Science,,,
acephalous.rodeo,available,46,1%,10,Science,,,
acanthotic.rodeo,available,46,0%,10,"Agriculture,Science",,,
quaternary.rodeo,available,46,3%,10,Mathematics,,,
theabsurd.rodeo,available,46,1%,10,"Arts,Entertainment,Media",,,
acetonic.rodeo,available,46,1%,8,Science,,,
acarpous.rodeo,available,46,0%,8,"Agriculture,Science",,,
acanthous.rodeo,available,46,0%,9,"Agriculture,Science",,,
stripling.rodeo,available,46,2%,9,"Education,Entertainment,Healthcare",,,
achenial.rodeo,available,46,1%,8,Science,,,
acarpelous.rodeo,available,46,0%,10,"Agriculture,Science",,,
acetylic.rodeo,available,46,1%,8,Science,,,
acicular.rodeo,available,46,2%,8,Science,,,
acheronian.rodeo,available,46,1%,10,Humanities,,,
acaudate.rodeo,available,46,1%,8,"Agriculture,Science",,,
achromous.rodeo,available,46,1%,9,Science,,,
acapnial.rodeo,available,46,0%,8,"Healthcare,Medicine,Science",,,
acanthoid.rodeo,available,46,1%,9,"Agriculture,Science",,,
stemless.rodeo,available,46,2%,8,"Agriculture,Science",,,
acetylenic.rodeo,available,46,1%,10,Science,,,
acetabular.rodeo,available,46,1%,10,Science,,,
cotyloid.rodeo,available,46,1%,8,Science,,,
vinegarish.rodeo,available,46,1%,10,Food and Beverage,,,
cotyloidal.rodeo,available,44,1%,10,Science,,,
acherontic.rodeo,available,44,1%,10,Humanities,,,
accusatory.rodeo,available,44,1%,10,Law,,,
phoebe.rodeo,available,41,14%,6,Science,,,
abscessed.rodeo,available,41,0%,9,Healthcare,,,
scurrilous.rodeo,available,40,1%,10,"Entertainment,Media,Politics",,,
accusive.rodeo,available,40,1%,8,Law,,,
accurst.rodeo,available,40,1%,7,Religion,,,